Benchmark,Time,Error
catalan,2.20716666666666666666,.0001276061
fac,.63260000000000000000,.0000909578
fib,1.01200000000000000000,.0000830260
gcd,.89173333333333333333,.0001262405
primes,1.11360000000000000000,.0001028267
tak,.65710000000000000000,.0000557075
tak-mem,.65706666666666666666,.0000820974
